{
  "model": "exported_model/model/model.pkl",
  "n": 200,
  "n_features": 128,
  "latency_ms": {
    "min": 0.15699997311457992,
    "median": 0.22485398221760988,
    "p95": 0.2726250095292926,
    "p99": 0.3043329925276339,
    "mean": 0.2322007849579677
  },
  "raw_ms": [
    0.27833302738144994,
    0.240708002820611,
    0.23374997545033693,
    0.23608299670740962,
    0.2253329730592668,
    0.28425001073628664,
    0.2708340180106461,
    0.21304102847352624,
    0.2025419962592423,
    0.20616705296561122,
    0.23449998116120696,
    0.23362500360235572,
    0.1811669790185988,
    0.1972910249605775,
    0.19350001821294427,
    0.20150002092123032,
    0.18541701138019562,
    0.17775001469999552,
    0.2040409599430859,
    0.19625003915280104,
    0.18520798766985536,
    0.19595801131799817,
    0.19158300710842013,
    0.1991249737329781,
    0.18908397760242224,
    0.1823339844122529,
    0.17912499606609344,
    0.2594170509837568,
    0.20083296112716198,
    0.17675000708550215,
    0.18029200145974755,
    0.1867079990915954,
    0.20345899974927306,
    0.1669999910518527,
    0.18491700757294893,
    0.18045800970867276,
    0.19458297174423933,
    0.17954199574887753,
    0.18737500067800283,
    0.18158397870138288,
    0.20291702821850777,
    0.1711249933578074,
    0.18383300630375743,
    0.1787919900380075,
    0.17345900414511561,
    2.0808340050280094,
    0.22616604110226035,
    0.20704203052446246,
    0.18037500558421016,
    0.1740420120768249,
    0.17787498654797673,
    0.21854101214557886,
    0.20945898722857237,
    0.19329204224050045,
    0.18974998965859413,
    0.21104200277477503,
    0.19654096104204655,
    0.3043329925276339,
    0.2734159934334457,
    0.2270419499836862,
    0.21666602697223425,
    0.19179197261109948,
    0.2710419939830899,
    0.2895829966291785,
    0.2649580128490925,
    0.23295904975384474,
    0.22979098139330745,
    0.20033400505781174,
    0.21662499057129025,
    0.22266700398176908,
    0.2193329855799675,
    0.2514580264687538,
    0.23816601606085896,
    0.22729201009497046,
    0.27608301024883986,
    0.25991699658334255,
    0.2590829972177744,
    0.25949999690055847,
    0.24770799791440368,
    0.2179589937441051,
    0.24191697593778372,
    0.24058303097262979,
    0.24466600734740496,
    0.2538749831728637,
    0.2259579487144947,
    0.20658300491049886,
    0.2287080278620124,
    0.22024998906999826,
    0.22587500279769301,
    0.21204096265137196,
    0.19716599490493536,
    0.21370797185227275,
    0.2091660280711949,
    0.24108297657221556,
    0.23204105673357844,
    0.24341698735952377,
    0.222208967898041,
    0.2418339718133211,
    0.21895801182836294,
    0.22624997654929757,
    0.24533300893381238,
    0.24016696261242032,
    0.21899997955188155,
    0.2197920111939311,
    0.22325001191347837,
    0.20116695668548346,
    0.22612500470131636,
    0.22404204355552793,
    0.20775001030415297,
    0.22983300732448697,
    0.2579580177552998,
    0.2514169900678098,
    0.23187499027699232,
    0.24283397942781448,
    0.228749995585531,
    0.24029199266806245,
    0.24458300322294235,
    0.22674998035654426,
    0.21095795091241598,
    0.21612498676404357,
    0.22887502564117312,
    0.22754096426069736,
    0.22437499137595296,
    0.2185420016758144,
    0.23012497695162892,
    0.24804100394248962,
    0.25287497555837035,
    0.2471249899826944,
    0.22124999668449163,
    0.22387498756870627,
    0.24858297547325492,
    0.25412498507648706,
    0.25220797397196293,
    0.24274998577311635,
    0.2352920128032565,
    0.22641598479822278,
    0.2316670143045485,
    0.22608303697779775,
    0.18320797244086862,
    0.4190000472590327,
    0.24574995040893555,
    0.24741602828726172,
    0.24550000671297312,
    0.26400003116577864,
    0.22179196821525693,
    0.23720896570011973,
    0.28991600265726447,
    0.2569159842096269,
    0.2656250144354999,
    0.2720000338740647,
    0.2447500010021031,
    0.27650000993162394,
    0.25512499269098043,
    0.2726250095292926,
    0.2520830021239817,
    0.21962501341477036,
    0.19283400615677238,
    0.22770802024751902,
    0.21133298287168145,
    0.20637497073039412,
    0.1754160039126873,
    0.17604202730581164,
    0.17891597235575318,
    0.1747080241329968,
    0.1818329910747707,
    0.19525003153830767,
    0.22270798217505217,
    0.19133294699713588,
    0.21016603568568826,
    0.19337504636496305,
    0.15699997311457992,
    0.19700004486367106,
    0.18195802113041282,
    0.1735830446705222,
    0.22812496172264218,
    0.22920803166925907,
    0.22799998987466097,
    0.21712499437853694,
    0.21670799469575286,
    0.21241698414087296,
    0.2008749870583415,
    0.25033304700627923,
    0.2364999963901937,
    0.2406249986961484,
    0.23325002985075116,
    0.22733298828825355,
    0.22558303317055106,
    0.22362498566508293,
    0.23370899725705385,
    0.2538749831728637,
    0.237083004321903,
    0.2554590464569628,
    0.2258329768665135,
    0.22237497614696622,
    0.21483300952240825,
    0.2264580107294023,
    0.2109999768435955,
    0.22641703253611922,
    0.24629203835502267,
    0.25229196762666106
  ]
}